Potion,Ingredients,Learned From,Effects,Rank
Small Health Potion,1 Lesser Extract,Default Alchemy Recipe,+800 HP,Beginner
Small Mana Potion,1 Lesser Extract,Default Alchemy Recipe,+500 MP,Beginner
Small Haste Brew,1 Sparkflower,Default Alchemy Recipe,+6% Attack Speed for 5 minutes,Beginner
Small Power Brew,1 Cactus Flower,Default Alchemy Recipe,+3 DMG for 5 minutes,Beginner
Small Accuracy Potion,1 Kabine Blossom,Default Alchemy Recipe,+5 Hit for 5 minutes,Beginner
Juggernaut Brew,"2 Lesser Extract, 1 Kobold Tail",Basic Alchemy Book,+1000 Max HP for 10 minutes,Basic
Astral Brew,"2 Lesser Extract, 1 Kobold Tail",Basic Alchemy Book,+800 Max MP for 5 minutes,Basic
Antidote Potion,2 Lesser Extract,Loures Library,Removes Poison,Basic
Small Firestorm Tonic,"2 Lesser Extract, 1 Cactus Flower",Basic Alchemy Book,Applies burn to target monster for 8 seconds,Basic
Small Stun Tonic,"2 Lesser Extract, 1 Dochas Bloom",Basic Alchemy Book,Stuns target monster for 3 seconds,Basic
Health Potion,3 Lesser Extract,Initiate Alchemy Book,+2000 HP + 10% Max HP,Initiate
Mana Potion,3 Lesser Extract,Initiate Alchemy Book,+1000 MP + 10% Max MP,Initiate
Rejuvenation Potion,3 Lesser Extract,Initiate Alchemy Book,+1500 HP + 750 MP,Initiate
Haste Brew,"1 Basic Extract, 1 Spark Flower",Initiate Alchemy Book,+12% Attack Speed for 10 minutes,Initiate
Power Brew,"1 Basic Extract, 1 Cactus Flower",Initiate Alchemy Book,+6 DMG for 10 minutes,Initiate
Accuracy Potion,"1 Basic Extract, 2 Kabine Blossom",Initiate Alchemy Book,+10 Hit for 10 minutes,Initiate
Revive Potion,"1 Greater Extract, 1 Blossom of Betrayal",Revive Potion Recipe,Revives user with 15 minute cooldown,Artisan
Strong Juggernaut Brew,"1 Greater Extract, 1 Kobold Tail",Strong Vitality Book,+5000 Max HP for 15 minutes,Artisan
Strong Astral Brew,"1 Greater Extract, 1 Kobold Tail",Strong Vitality Book,+3000 Max MP for 15 minutes,Artisan
Cleansing Brew,"1 Greater Extract, 1 Water Lily",Cleansing Brew Recipe,Removes poison/blind/burn,Artisan
Warmth Potion,"1 Greater Extract, 1 Bocan Bough",Warmth Potion Recipe,Removes suain,Artisan
Amnesia Brew,"1 Greater Extract, 1 Blossom of Betrayal",Amnesia Brew Recipe,Makes target monster non-hostile for 15 seconds or until attacked,Artisan
Strong Health Potion,5 Lesser Extract,Strong Health Potion Recipe,+5000 HP + 20% Max HP,Adept
Strong Mana Potion,5 Lesser Extract,Strong Mana Potion Recipe,+3000 MP + 20% Max MP,Adept
Strong Haste Brew,"1 Superior Extract, 1 Spark Flower",Attack Tonics Recipe?,+18% Attack Speed for 15 minutes,Adept
Strong Power Brew,"1 Superior Extract, 1 Cactus Flower",Attack Tonics Recipe?,+10 DMG for 15 minutes?,Adept
Strong Accuracy Potion,"1 Superior Extract, 1 Kabine Blossom",Attack Tonics Recipe?,+15 Hit for 15 minutes,Adept
Stat Boost Elixir,"1 Superior Extract, 1 Marauder's Spine, 1 Satyr's Hoof, 1 Polyp Sac",??,Increase all stats by 1 for ?? minutes,Adept
Knowledge Elixir,"2 Greater Extract, 1 Gruesomefly Wing, 1 Lion Fish",Knowledge Elixir Recipe,+5% Kill EXP for 15 minutes,Adept
Potent Health Potion,8 Lesser Extract,Potent Health Potion Recipe,+8000 HP + 25% Max HP,Advanced
Potent Mana Potion,8 Lesser Extract,Potent Mana Potion Recipe,+5000 MP + 25% Max MP,Advanced
Potent Rejuvenation Potion,8 Lesser Extract,??,+6000 HP + 25% Max HP + 3000 MP + 15% Max MP,Advanced
Potent Haste Brew,"2 Superior Extract, 1 Spark Flower",Potent Haste Brew Recipe,+24% Attack Speed for 20 minutes,Advanced
Potent Power Brew,"2 Superior Extract, 1 Cactus Flower",Potent Power Brew Recipe,+15 DMG for 20 minutes,Advanced
Potent Accuracty Potion,"2 Superior Extract, 1 Kabine Blossom",Potent Accuracy Brew Recipe,+20 Hit for 20 minutes,Advanced
Potent Juggernaut Brew,"2 Superior Extract, 1 Blossom of Betrayal",Potent Vitality Book?,+ 10000 Max HP for 15 minutes,Advanced
Potent Astral Brew,"2 Superior Extract, 1 Passion Flower",Potent Vitality Book?,+ 6000 Max MP for 15 minutes,Advanced
Strong Knowledge Elixir,"2 Superior Extract, 1 Skeleton Bones, 1 Lion Fish",Strong Knowledge Elixir Recipe,+10% Kill EXP for 20 minutes,Expert
Invisibility Potion,"2 Superior Extract, 1 Kobold Tail",Invisibility Potion Recipe,Grants invisibility for 5 minutes,Advanced
Firestorm Tonic,"1 Greater Extract, 1 Cactus Flower",,Burns every target around the user for 12 seconds,Artisan
Stun Tonic,"1 Greater Extract, 1 Dochas Bloom",,Stuns the target for 8 seconds,Artisan
Hemloch,2 Lesser Extract,Mathis (Alchemy Master),Weakens the user to 1 Health (will not kill you),Initiate
Small rejuvenation Potion,1 Lesser Extract,,Restores 500 Health and 250 Mana over 5 seconds,Beginner
Strong Stat Boost Elixir,"2 Prime Extract, 1 Losgann tail, 1 Red Shocker Piece, 1 Ice Skeleton Skull, 1 Ashscale Snapper",,Increases all stats by 3 for 30 minutes,Expert
