Name,Level,Materials,Rank
Small Ruby Ring,1,"1 Raw Bronze, 1 Raw Ruby",Beginner
Beryl Ring,1,"1 Raw Bronze, 1 Raw Beryl",Beginner
Fire Necklace,6,"1 Raw Bronze, 1 Raw Ruby",Beginner
Sea Necklace,6,"1 Raw Bronze, 1 Raw Sapphire",Beginner
Earth Necklace,6,"1 Raw Bronze, 1 Raw Beryl",Beginner
Wind Necklace,6,"1 Raw Bronze, 1 Raw Emerald",Beginner
Basic Beryl Earrings,11,"1 Polished Bronze, 1 Flawed Beryl",Beginner
Basic Ruby Earrings,11,"1 Polished Bronze, 1 Flawed Ruby",Beginner
Basic Sapphire Earrings,11,"1 Polished Bronze, 1 Flawed Sapphire",Beginner
Basic Emerald Earrings,11,"1 Polished Bronze, 1 Flawed Emerald",Beginner
Basic Heartstone Earrings,11,"1 Polished Bronze, 1 Flawed Heartstone",Beginner
Bronze Beryl Ring,11,"1 Polished Bronze, 1 Flawed Beryl",Beginner
Bronze Ruby Ring,11,"1 Polished Bronze, 1 Flawed Ruby",Beginner
Bronze Sapphire Ring,11,"1 Polished Bronze, 1 Flawed Sapphire",Beginner
Bronze Emerald Ring,11,"1 Polished Bronze, 1 Flawed Emerald",Beginner
Bronze Heartstone Ring,11,"1 Polished Bronze, 1 Flawed Heartstone",Beginner
Bone Fire Necklace,11,"1 Polished Bronze, 1 Flawed Ruby",Beginner
Bone Sea Necklace,11,"1 Polished Bronze, 1 Flawed Sapphire",Beginner
Bone Earth Necklace,11,"1 Polished Bronze, 1 Flawed Beryl",Beginner
Bone Wind Necklace,11,"1 Polished Bronze, 1 Flawed Emerald",Beginner
Iron Beryl Earrings,41,"1 Polished Iron, 1 Uncut Beryl",Beginner
Iron Ruby Earrings,41,"1 Polished Iron, 1 Uncut Ruby",Beginner
Iron Sapphire Earrings,41,"1 Polished Iron, 1 Uncut Sapphire",Beginner
Iron Emerald Earrings,41,"1 Polished Iron, 1 Uncut Emerald",Beginner
Iron Heartstone Earrings,41,"1 Polished Iron, 1 Uncut Heartstone",Beginner
Iron Beryl Ring,41,"1 Polished Iron, 1 Uncut Beryl",Beginner
Iron Ruby Ring,41,"1 Polished Iron, 1 Uncut Ruby",Beginner
Iron Sapphire Ring,41,"1 Polished Iron, 1 Uncut Sapphire",Beginner
Iron Emerald Ring,41,"1 Polished Iron, 1 Uncut Emerald",Beginner
Iron Heartstone Ring,41,"1 Polished Iron, 1 Uncut Heartstone",Beginner
Kanna Fire Necklace,41,"1 Polished Iron, 1 Uncut Ruby",Beginner
Kanna Sea Necklace,41,"1 Polished Iron, 1 Uncut Sapphire",Beginner
Kanna Earth Necklace,41,"1 Polished Iron, 1 Uncut Beryl",Beginner
Kanna Wind Necklace,41,"1 Polished Iron, 1 Uncut Emerald",Beginner
Mythril Beryl Earrings,71,"1 Polished Mythril, 1 Pristine Beryl",Beginner
Mythril Ruby Earrings,71,"1 Polished Mythril, 1 Pristine Ruby",Beginner
Mythril Sapphire Earrings,71,"1 Polished Mythril, 1 Pristine Sapphire",Beginner
Mythril Emerald Earrings,71,"1 Polished Mythril, 1 Pristine Emerald",Beginner
Mythril Heartstone Earrings,71,"1 Polished Mythril, 1 Pristine Heartstone",Beginner
Mythril Beryl Ring,71,"1 Polished Mythril, 1 Pristine Beryl",Beginner
Mythril Ruby Ring,71,"1 Polished Mythril, 1 Pristine Ruby",Beginner
Mythril Sapphire Ring,71,"1 Polished Mythril, 1 Pristine Sapphire",Beginner
Mythril Emerald Ring,71,"1 Polished Mythril, 1 Pristine Emerald",Beginner
Mythril Heartstone Ring,71,"1 Polished Mythril, 1 Pristine Heartstone",Beginner
Hy-Brasyl Beryl Earrings,97,"1 Polished Hy-Brasyl, 3 Pristine Beryl",Beginner
Hy-Brasyl Ruby Earrings,97,"1 Polished Hy-Brasyl, 3 Pristine Ruby",Beginner
Hy-Brasyl Sapphire Earrings,97,"1 Polished Hy-Brasyl, 3 Pristine Sapphire",Beginner
Hy-Brasyl Emerald Earrings,97,"1 Polished Hy-Brasyl, 3 Pristine Emerald",Beginner
Hy-Brasyl Heartstone Earrings,97,"1 Polished Hy-Brasyl, 3 Pristine Heartstone",Beginner
Hy-Brasyl Beryl Ring,97,"1 Polished Hy-Brasyl, 3 Pristine Beryl",Beginner
Hy-Brasyl Ruby Ring,97,"1 Polished Hy-Brasyl, 3 Pristine Ruby",Beginner
Hy-Brasyl Sapphire Ring,97,"1 Polished Hy-Brasyl, 3 Pristine Sapphire",Beginner
Hy-Brasyl Emerald Ring,97,"1 Polished Hy-Brasyl, 3 Pristine Emerald",Beginner
Hy-Brasyl Heartstone Ring,97,"1 Polished Hy-Brasyl, 3 Pristine Heartstone",Beginner
Crimsonite Beryl Earrings,Master,"4 Polished Crimsonite, 4 Pristine Beryl",Beginner
Crimsonite Ruby Earrings,Master,"4 Polished Crimsonite, 4 Pristine Ruby",Beginner
Crimsonite Sapphire Earrings,Master,"4 Polished Crimsonite, 4 Pristine Sapphire",Beginner
Crimsonite Emerald Earrings,Master,"4 Polished Crimsonite, 4 Pristine Emerald",Beginner
Crimsonite Heartstone Earrings,Master,"4 Polished Crimsonite, 4 Pristine Heartstone",Beginner
Azurium Beryl Earrings,Master,"4 Polished Azurium, 4 Pristine Beryl",Beginner
Azurium Ruby Earrings,Master,"4 Polished Azurium, 4 Pristine Ruby",Beginner
Azurium Sapphire Earrings,Master,"4 Polished Azurium, 4 Pristine Sapphire",Beginner
Azurium Emerald Earrings,Master,"4 Polished Azurium, 4 Pristine Emerald",Beginner
Azurium Heartstone Earrings,Master,"4 Polished Azurium, 4 Pristine Heartstone",Beginner
Crimsonite Beryl Ring,Master,"3 Polished Crimsonite, 5 Pristine Beryl",Beginner
Crimsonite Ruby Ring,Master,"3 Polished Crimsonite, 5 Pristine Ruby",Beginner
Crimsonite Sapphire Ring,Master,"3 Polished Crimsonite, 5 Pristine Sapphire",Beginner
Crimsonite Emerald Ring,Master,"3 Polished Crimsonite, 5 Pristine Emerald",Beginner
Crimsonite Heartstone Ring,Master,"3 Polished Crimsonite, 5 Pristine Heartstone",Beginner
Azurium Beryl Ring,Master,"3 Polished Azurium, 5 Pristine Beryl",Beginner
Azurium Ruby Ring,Master,"3 Polished Azurium, 5 Pristine Ruby",Beginner
Azurium Sapphire Ring,Master,"3 Polished Azurium, 5 Pristine Sapphire",Beginner
Azurium Emerald Ring,Master,"3 Polished Azurium, 5 Pristine Emerald",Beginner
Azurium Heartstone Ring,Master,"3 Polished Azurium, 5 Pristine Heartstone",Beginner
Crimsonite Fire Necklace,Master,"5 Polished Crimsonite, 4 Pristine Ruby",Beginner
Crimsonite Sea Necklace,Master,"5 Polished Crimsonite, 4 Pristine Sapphire",Beginner
Crimsonite Earth Necklace,Master,"5 Polished Crimsonite, 4 Pristine Beryl",Beginner
Crimsonite Wind Necklace,Master,"5 Polished Crimsonite, 4 Pristine Emerald",Beginner
Crimsonite Light Necklace,Master,"20 Polished Crimsonite, 1 Radiant Pearl",Beginner
Crimsonite Dark Necklace,Master,"20 Polished Crimsonite, 1 Eclipse Pearl",Beginner
Azurium Fire Necklace,Master,"5 Polished Azurium, 4 Pristine Ruby",Beginner
Azurium Sea Necklace,Master,"5 Polished Azurium, 4 Pristine Sapphire",Beginner
Azurium Earth Necklace,Master,"5 Polished Azurium, 4 Pristine Beryl",Beginner
Azurium Wind Necklace,Master,"5 Polished Azurium, 4 Pristine Emerald",Beginner
Azurium Light Necklace,Master,"20 Polished Azurium, 1 Radiant Pearl",Beginner
Azurium Dark Necklace,Master,"20 Polished Azurium, 1 Eclipse Pearl",Beginner
