Name,LOC,LVL,WGT,HP,MP,AC,MR,STR,INT,WIS,CON,DEX,DMG,HIT,AS%,SKD,SKD%,SPD,SPD%,FHB,HB%,CDR%,Value,Set,LOC_LINK
Warrior Master Helmet,Mastering,-,5,1500,250,-2,10,-,-,-,-,-,-,-,-,-,-,-,-,-,-,-,-,-,-
Grand Master Warrior Helmet,-,-,3,2000,1000,-3,20,-,-,-,-,-,-,-,-,-,-,-,-,-,-,-,-,-,-
Iplet Helmet,Lost Woodlands,71,2,250,-,-1,-,-,-,-,-,-,-,-,-,-,-,-,-,-,-,-,-,-,-
Loures Platemail Helmet,Dye,86,4,300,-,-2,5,-,-,-,-,-,-,-,-,-,-,-,-,-,-,-,-,-,-
Mileth Platemail Helmet,Dye,86,4,300,-,-2,5,-,-,-,-,-,-,-,-,-,-,-,-,-,-,-,-,-,-
Platemail Helmet,Eingren Manor Blacksmith,86,4,300,-,-2,5,-,-,-,-,-,-,-,-,-,-,-,-,-,-,-,-,-,-
Rucesion Platemail Helmet,Dye,86,4,300,-,-2,5,-,-,-,-,-,-,-,-,-,-,-,-,-,-,-,-,-,-
Suomi Platemail Helmet,Dye,86,4,300,-,-2,5,-,-,-,-,-,-,-,-,-,-,-,-,-,-,-,-,-,-
Grand Master War Kabuto,Lady Phoenix,GM,3,2500,250,-4,20,-,-,-,-,-,-,-,-,-,-,-,-,-,-,-,-,-,/quests/circle_1/find_the_mysterious_artifact#part-7-the-creants
