Name,Class,Gender,Level,Materials,Rank
Fire Belt,Peasant,Unisex,4,"5 Linen, 1 Raw Ruby",Beginner
Sea Belt,Peasant,Unisex,4,"5 Linen, 1 Raw Sapphire",Beginner
Earth Belt,Peasant,Unisex,4,"5 Linen, 1 Raw Beryl",Beginner
Wind Belt,Peasant,Unisex,4,"5 Linen, 1 Raw Emerald",Beginner
Scout Leather,Rogue,Male,8,3 Fine Linen,Beginner
Cotte,Rogue,Female,8,3 Fine Linen,Beginner
Gardcorp,Wizard,Male,8,3 Fine Linen,Beginner
Magi Skirt,Wizard,Female,8,3 Fine Linen,Beginner
Cowl,Priest,Male,8,3 Fine Linen,Beginner
Gorget Gown,Priest,Female,8,3 Fine Linen,Beginner
Dobok,Monk,Male,8,3 Fine Linen,Beginner
Earth Bodice,Monk,Female,8,3 Fine Linen,Beginner
Leather Tunic,Warrior,Male,8,3 Fine Linen,Beginner
Leather Bliaut,Warrior,Female,8,3 Fine Linen,Beginner
Leather Gauntlet,Peasant,Unisex,9,8 Linen,Beginner
Leather Beryl Gauntlet,Peasant,Unisex,11,"2 Exquisite Linen, 1 Pristine Beryl",Beginner
Leather Ruby Gauntlet,Peasant,Unisex,11,"2 Exquisite Linen, 1 Pristine Ruby",Beginner
Leather Sapphire Gauntlet,Peasant,Unisex,11,"2 Exquisite Linen, 1 Pristine Sapphire",Beginner
Leather Emerald Gauntlet,Peasant,Unisex,11,"2 Exquisite Linen, 1 Pristine Emerald",Beginner
Leather Heartstone Gauntlet,Peasant,Unisex,11,"2 Exquisite Linen, 1 Pristine Heartstone",Beginner
Fire Bronze Belt,Peasant,Unisex,20,"2 Exquisite Linen, 1 Polished Bronze Bar, 2 Flawed Ruby",Beginner
Sea Bronze Belt,Peasant,Unisex,20,"2 Exquisite Linen, 1 Polished Bronze Bar, 2 Flawed Sapphire",Beginner
Earth Bronze Belt,Peasant,Unisex,20,"2 Exquisite Linen, 1 Polished Bronze Bar, 2 Flawed Beryl",Beginner
Wind Bronze Belt,Peasant,Unisex,20,"2 Exquisite Linen, 1 Polished Bronze Bar, 2 Flawed Emerald",Beginner
Dwarvish Leather,Rogue,Male,26,2 Exquisite Linen,Beginner
Brigandine,Rogue,Female,26,2 Exquisite Linen,Beginner
Journeyman,Wizard,Male,26,2 Exquisite Linen,Beginner
Benusta,Wizard,Female,26,2 Exquisite Linen,Beginner
Galuchat Coat,Priest,Male,26,2 Exquisite Linen,Beginner
Mystic Gown,Priest,Female,26,2 Exquisite Linen,Beginner
Culotte,Monk,Male,26,2 Exquisite Linen,Beginner
Lotus Bodice,Monk,Female,26,2 Exquisite Linen,Beginner
Lorica,Warrior,Male,26,2 Exquisite Linen,Beginner
Cuirass,Warrior,Female,26,2 Exquisite Linen,Beginner
Bronze Beryl Gauntlet,Peasant,Unisex,26,"1 Exquisite Linen, 1 Polished Bronze Bar, 1 Pristine Beryl",Beginner
Bronze Ruby Gauntlet,Peasant,Unisex,26,"1 Exquisite Linen, 1 Polished Bronze Bar, 1 Pristine Ruby",Beginner
Bronze Sapphire Gauntlet,Peasant,Unisex,26,"1 Exquisite Linen, 1 Polished Bronze Bar, 1 Pristine Sapphire",Beginner
Bronze Emerald Gauntlet,Peasant,Unisex,26,"1 Exquisite Linen, 1 Polished Bronze Bar, 1 Pristine Emerald",Beginner
Bronze Heartstone Gauntlet,Peasant,Unisex,26,"1 Exquisite Linen, 1 Polished Bronze Bar, 1 Pristine Heartstone",Beginner
Dark Bronze Belt,Peasant,Unisex,30,"2 Exquisite Linen, 1 Polished Bronze Bar, 2 Flawed Heartstone",Beginner
Light Bronze Belt,Peasant,Unisex,30,"2 Exquisite Linen, 1 Polished Bronze Bar, 2 Flawed Heartstone",Beginner
Fire Iron Belt,Peasant,Unisex,41,"2 Exquisite Cotton, 1 Polished Iron Bar, 2 Uncut Ruby",Beginner
Sea Iron Belt,Peasant,Unisex,41,"2 Exquisite Cotton, 1 Polished Iron Bar, 2 Uncut Sapphire",Beginner
Earth Iron Belt,Peasant,Unisex,41,"2 Exquisite Cotton, 1 Polished Iron Bar, 2 Uncut Beryl",Beginner
Wind Iron Belt,Peasant,Unisex,41,"2 Exquisite Cotton, 1 Polished Iron Bar, 2 Uncut Emerald",Beginner
Dark Iron Belt,Peasant,Unisex,41,"2 Exquisite Cotton, 1 Polished Iron Bar, 2 Uncut Heartstone",Beginner
Light Iron Belt,Peasant,Unisex,41,"2 Exquisite Cotton, 1 Polished Iron Bar, 2 Uncut Heartstone",Beginner
Iron Beryl Gauntlet,Peasant,Unisex,41,"2 Exquisite Cotton, 1 Polished Iron Bar, 1 Pristine Beryl",Beginner
Iron Ruby Gauntlet,Peasant,Unisex,41,"2 Exquisite Cotton, 1 Polished Iron Bar, 1 Pristine Ruby",Beginner
Iron Sapphire Gauntlet,Peasant,Unisex,41,"2 Exquisite Cotton, 1 Polished Iron Bar, 1 Pristine Sapphire",Beginner
Iron Emerald Gauntlet,Peasant,Unisex,41,"2 Exquisite Cotton, 1 Polished Iron Bar, 1 Pristine Emerald",Beginner
Iron Heartstone Gauntlet,Peasant,Unisex,41,"2 Exquisite Cotton, 1 Polished Iron Bar, 1 Pristine Heartstone",Beginner
Paluten,Rogue,Male,56,3 Exquisite Cotton,Beginner
Corsette,Rogue,Female,56,3 Exquisite Cotton,Beginner
Lorum,Wizard,Male,56,3 Exquisite Cotton,Beginner
Stoller,Wizard,Female,56,3 Exquisite Cotton,Beginner
Mantle,Priest,Male,56,3 Exquisite Cotton,Beginner
Elle,Priest,Female,56,3 Exquisite Cotton,Beginner
Earth Garb,Monk,Male,56,3 Exquisite Cotton,Beginner
Moon Bodice,Monk,Female,56,3 Exquisite Cotton,Beginner
Kasmanium Armor,Warrior,Male,56,3 Exquisite Cotton,Beginner
Kasmanium Hauberk,Warrior,Female,56,3 Exquisite Cotton,Beginner
Fire Mythril Braid Belt,Peasant,Unisex,71,"2 Exquisite Wool, 1 Polished Mythril Bar, 2 Pristine Ruby",Beginner
Sea Mythril Braid Belt,Peasant,Unisex,71,"2 Exquisite Wool, 1 Polished Mythril Bar, 2 Pristine Sapphire",Beginner
Earth Mythril Braid Belt,Peasant,Unisex,71,"2 Exquisite Wool, 1 Polished Mythril Bar, 2 Pristine Beryl",Beginner
Wind Mythril Braid Belt,Peasant,Unisex,71,"2 Exquisite Wool, 1 Polished Mythril Bar, 2 Pristine Emerald",Beginner
Dark Mythril Braid Belt,Peasant,Unisex,71,"2 Exquisite Wool, 1 Polished Mythril Bar, 2 Pristine Heartstone",Beginner
Light Mythril Braid Belt,Peasant,Unisex,71,"2 Exquisite Wool, 1 Polished Mythril Bar, 2 Pristine Heartstone",Beginner
Mythril Beryl Gauntlet,Peasant,Unisex,71,"2 Exquisite Wool, 1 Polished Mythril Bar, 1 Pristine Beryl",Beginner
Mythril Ruby Gauntlet,Peasant,Unisex,71,"2 Exquisite Wool, 1 Polished Mythril Bar, 1 Pristine Ruby",Beginner
Mythril Sapphire Gauntlet,Peasant,Unisex,71,"2 Exquisite Wool, 1 Polished Mythril Bar, 1 Pristine Sapphire",Beginner
Mythril Emerald Gauntlet,Peasant,Unisex,71,"2 Exquisite Wool, 1 Polished Mythril Bar, 1 Pristine Emerald",Beginner
Mythril Heartstone Gauntlet,Peasant,Unisex,71,"2 Exquisite Wool, 1 Polished Mythril Bar, 1 Pristine Heartstone",Beginner
Keaton,Rogue,Male,86,4 Exquisite Wool,Beginner
Pebble Rose,Rogue,Female,86,4 Exquisite Wool,Beginner
Mane,Wizard,Male,86,4 Exquisite Wool,Beginner
Clymouth,Wizard,Female,86,4 Exquisite Wool,Beginner
Hierophant,Priest,Male,86,4 Exquisite Wool,Beginner
Dolman,Priest,Female,86,4 Exquisite Wool,Beginner
Wind Garb,Monk,Male,86,4 Exquisite Wool,Beginner
Lightning Garb,Monk,Female,86,4 Exquisite Wool,Beginner
Iplet Mail,Warrior,Male,86,4 Exquisite Wool,Beginner
Phoenix Mail,Warrior,Female,86,4 Exquisite Wool,Beginner
Hy-Brasyl Beryl Gauntlet,Peasant,Unisex,97,"3 Exquisite Silk, 2 Polished Hy-Brasyl Bar, 2 Pristine Beryl",Beginner
Hy-Brasyl Ruby Gauntlet,Peasant,Unisex,97,"3 Exquisite Silk, 2 Polished Hy-Brasyl Bar, 2 Pristine Ruby",Beginner
Hy-Brasyl Sapphire Gauntlet,Peasant,Unisex,97,"3 Exquisite Silk, 2 Polished Hy-Brasyl Bar, 2 Pristine Sapphire",Beginner
Hy-Brasyl Emerald Gauntlet,Peasant,Unisex,97,"3 Exquisite Silk, 2 Polished Hy-Brasyl Bar, 2 Pristine Emerald",Beginner
Hy-Brasyl Heartstone Gauntlet,Peasant,Unisex,97,"3 Exquisite Silk, 2 Polished Hy-Brasyl Bar, 2 Pristine Heartstone",Beginner
Bardocle,Rogue,Male,99,5 Exquisite Silk,Beginner
Kagum,Rogue,Female,99,5 Exquisite Silk,Beginner
Duin-Uasal,Wizard,Male,99,5 Exquisite Silk,Beginner
Clamyth,Wizard,Female,99,5 Exquisite Silk,Beginner
Dalmatica,Priest,Male,99,5 Exquisite Silk,Beginner
Bansagart,Priest,Female,99,5 Exquisite Silk,Beginner
Mountain Garb,Monk,Male,99,5 Exquisite Silk,Beginner
Sea Garb,Monk,Female,99,5 Exquisite Silk,Beginner
Hy-Brasyl Plate,Warrior,Male,99,5 Exquisite Silk,Beginner
Hy-Brasyl Armor,Warrior,Female,99,5 Exquisite Silk,Beginner
Refining Kit,Peasant,Unisex,Master,"25 Exquisite Hemp, 1 Strange Stone",Beginner
Fire Crimsonite Belt,Peasant,Unisex,Master,"4 Exquisite Hemp, 1 Polished Crimsonite Bar, 7 Pristine Ruby",Beginner
Sea Crimsonite Belt,Peasant,Unisex,Master,"4 Exquisite Hemp, 1 Polished Crimsonite Bar, 7 Pristine Sapphire",Beginner
Earth Crimsonite Belt,Peasant,Unisex,Master,"4 Exquisite Hemp, 1 Polished Crimsonite Bar, 7 Pristine Beryl",Beginner
Wind Crimsonite Belt,Peasant,Unisex,Master,"4 Exquisite Hemp, 1 Polished Crimsonite Bar, 7 Pristine Emerald",Beginner
Dark Crimsonite Belt,Peasant,Unisex,Master,"4 Exquisite Hemp, 1 Polished Crimsonite Bar, 7 Pristine Heartstone",Beginner
Light Crimsonite Belt,Peasant,Unisex,Master,"4 Exquisite Hemp, 1 Polished Crimsonite Bar, 7 Pristine Heartstone",Beginner
Fire Azurium Belt,Peasant,Unisex,Master,"4 Exquisite Hemp, 1 Polished Azurium Bar, 7 Pristine Ruby",Beginner
Sea Azurium Belt,Peasant,Unisex,Master,"4 Exquisite Hemp, 1 Polished Azurium Bar, 7 Pristine Sapphire",Beginner
Earth Azurium Belt,Peasant,Unisex,Master,"4 Exquisite Hemp, 1 Polished Azurium Bar, 7 Pristine Beryl",Beginner
Wind Azurium Belt,Peasant,Unisex,Master,"4 Exquisite Hemp, 1 Polished Azurium Bar, 7 Pristine Emerald",Beginner
Dark Azurium Belt,Peasant,Unisex,Master,"4 Exquisite Hemp, 1 Polished Azurium Bar, 7 Pristine Heartstone",Beginner
Light Azurium Belt,Peasant,Unisex,Master,"4 Exquisite Hemp, 1 Polished Azurium Bar, 7 Pristine Heartstone",Beginner
Crimsonite Beryl Gauntlet,Peasant,Unisex,Master,"4 Exquisite Hemp, 3 Polished Crimsonite Bar, 3 Pristine Beryl",Beginner
Crimsonite Ruby Gauntlet,Peasant,Unisex,Master,"4 Exquisite Hemp, 3 Polished Crimsonite Bar, 3 Pristine Ruby",Beginner
Crimsonite Sapphire Gauntlet,Peasant,Unisex,Master,"4 Exquisite Hemp, 3 Polished Crimsonite Bar, 3 Pristine Sapphire",Beginner
Crimsonite Emerald Gauntlet,Peasant,Unisex,Master,"4 Exquisite Hemp, 3 Polished Crimsonite Bar, 3 Pristine Emerald",Beginner
Crimsonite Heartstone Gauntlet,Peasant,Unisex,Master,"4 Exquisite Hemp, 3 Polished Crimsonite Bar, 3 Pristine Heartstone",Beginner
Azurium Beryl Gauntlet,Peasant,Unisex,Master,"4 Exquisite Hemp, 3 Polished Azurium Bar, 3 Pristine Beryl",Beginner
Azurium Ruby Gauntlet,Peasant,Unisex,Master,"4 Exquisite Hemp, 3 Polished Azurium Bar, 3 Pristine Ruby",Beginner
Azurium Sapphire Gauntlet,Peasant,Unisex,Master,"4 Exquisite Hemp, 3 Polished Azurium Bar, 3 Pristine Sapphire",Beginner
Azurium Emerald Gauntlet,Peasant,Unisex,Master,"4 Exquisite Hemp, 3 Polished Azurium Bar, 3 Pristine Emerald",Beginner
Azurium Heartstone Gauntlet,Peasant,Unisex,Master,"4 Exquisite Hemp, 3 Polished Azurium Bar, 3 Pristine Heartstone",Beginner
Refined Incarnate Aiquil,Arcanist,Male,Ab 10,"1 Incarnate Aiquil, 5 Exquisite Ramie",Expert
Refined Primordial Aiquil,Elementalist,Male,Ab 10,"1 Primordial Aiquil, 5 Exquisite Ramie",Expert
Refined Incarnate Aiquilon,Arcanist,Female,Ab 10,"1 Incarnate Aiquilon, 5 Exquisite Ramie",Expert
Refined Festering Rotward Garb,Plague Doctor,Male,Ab 10,"1 Festering Rotward Garb, 3 Exquisite Ramie",Expert
Refined Festering Rotward Gown,Plague Doctor,Female,Ab 10,"1 Festering Rotward Gown, 3 Exquisite Ramie",Expert
Refined Deadeye Kano,Archer,Male,Ab 10,"1 Deadeye Kano, 5 Exquisite Ramie",Expert
Refined Merciless Kano,Assassin,Male,Ab 10,"1 Merciless Kano, 5 Exquisite Ramie",Expert
Refined Deadeye Kanon,Archer,Female,Ab 10,"1 Deadeye Kanon, 3 Exquisite Ramie",Expert
Refined Ascetic Soron,Adept,Male,Ab 10,"1 Ascetic Soron, 3 Exquisite Ramie",Expert
Refined Verdant Soron,Druid,Male,Ab 10,"1 Verdant Soron, 3 Exquisite Ramie",Expert
Refined Ascetic Soroni,Adept,Female,Ab 10,"1 Ascetic Soroni, 3 Exquisite Ramie",Expert
Refined Verdant Soroni,Druid,Female,Ab 10,"1 Verdant Soroni, 3 Exquisite Ramie",Expert
Refined Defiant Tarsil,Warlord,Male,Ab 10,"1 Defiant Tarsil, 3 Exquisite Ramie",Expert
Refined Wreckless Tarsil,Berserker,Male,Ab 10,"1 Wreckless Tarsil, 3 Exquisite Ramie",Expert
Refined Defiant Tarsilan,Warlord,Female,Ab 10,"1 Defiant Tarsilan, 3 Exquisite Ramie",Expert
Refined Wreckless Tarsilan,Berserker,Female,Ab 10,"1 Wreckless Tarsilan, 3 Exquisite Ramie",Expert
Refined Resonant Yaina,Bard,Male,Ab 10,"1 Resonant Yaina, 3 Exquisite Ramie",Expert
Refined Resonant Vainar,Bard,Female,Ab 10,"1 Resonant Vainar, 3 Exquisite Ramie",Expert
Refined Resonant Vaina,Bard,Male,Ab 10,"1 Resonant Vaina, 3 Exquisite Ramie",Expert
Dark Aerium Belt,-,Unisex,Ab 1,"1 Polished Aerium Bar, 4 Exquisite Ramie, 7 Pristine Heartstone",Expert
Earth Aerium Belt,-,Unisex,Ab 1,"1 Polished Aerium Bar, 4 Exquisite Ramie, 7 Pristine Beryl",Expert
Fire Aerium Belt,-,Unisex,Ab 1,"1 Polished Aerium Bar, 4 Exquisite Ramie, 7 Pristine Ruby",Expert
Light Aerium Belt,-,Unisex,Ab 1,"1 Polished Aerium Bar, 4 Exquisite Ramie, 7 Pristine Hearstone",Expert
Sea Aerium Belt,-,Unisex,Ab 1,"1 Polished Aerium Bar, 4 Exquisite Ramie, 7 Pristine Sapphire",Expert
Wind Aerium Belt,-,Unisex,Ab 1,"1 Polished Aerium Bar, 4 Exquisite Ramie, 7 Pristine Emerald",Expert
Dark Emberite Belt,-,Unisex,Ab 1,"1 Polished Emberite Bar, 4 Exquisite Ramie, 7 Pristine Hearstone",Expert
Earth Emberite Belt,-,Unisex,Ab 1,"1 Polished Emberite Bar, 4 Exquisite Ramie, 7 Pristine Beryl",Expert
Fire Emberite Belt,-,Unisex,Ab 1,"1 Polished Emberite Bar, 4 Exquisite Ramie, 7 Pristine Ruby",Expert
Light Emberite Belt,-,Unisex,Ab 1,"1 Polished Emberite Bar, 4 Exquisite Ramie, 7 Pristine Heartstone",Expert
Sea emberite Belt,-,Unisex,Ab 1,"1 Polished Emberite Bar, 4 Exquisite Ramie, 7 Pristine Sapphire",Expert
Wind Emberite Belt,-,Unisex,Ab 1,"1 Polished Emberite Bar, 4 Exquisite Ramie, 7 Pristine Emerald",Expert
Earth Hydrillium Belt,-,Unisex,Ab 1,"1 Polished Hydrillium Bar, 4 Exquisite Ramie, 7 Pristine Beryl",Expert
Fire Hydrillium Belt,-,Unisex,Ab 1,"1 Polished Hydrillium Bar, 4 Exquisite Ramie, 7 Pristine Ruby",Expert
Dark Hydrillium Belt,-,Unisex,Ab 1,"1 Polished Hydrillium Bar, 4 Exquisite Ramie, 7 Pristine Heartsone",Expert
Light Hydrillium Belt,-,Unisex,Ab 1,"1 Polished Hydrillium Bar, 4 Exquisite Ramie, 7 Pristine Heartstone",Expert
Sea Hydrillium Belt,-,Unisex,Ab 1,"1 Polished Hydrillium Bar, 4 Exquisite Ramie, 7 Pristine Sapphire",Expert
Wind Hydrillium Belt,-,Unisex,Ab 1,"1 Polished Hydrillium Bar, 4 Exquisite Ramie, 7 Pristine Emerald",Expert
Wind Petrimite Belt,-,Unisex,Ab 1,"1 Polished Petrimite Bar, 4 Exquisite Ramie, 7 Pristine Emerald",Expert
